City_ID,City,Country,Max Temp,Current Description,Lat,Lng,Hotel Name
1,Monrovia,LR,86.0,broken clouds,6.3,-10.8,Eco-Hotel Hall & Restaurant
2,Gasa,PS,70.0,clear sky,31.5,34.47,ÿ±ÿßÿ®ÿ∑ÿ© ÿßŸÑŸÅŸÜÿßŸÜŸäŸÜ ÿßŸÑŸÅŸÑÿ≥ÿ∑ŸäŸÜŸäŸäŸÜ
4,Westview,US,73.0,few clouds,25.88,-80.24,MiLuSol Hostel
5,New Norfolk,AU,66.2,clear sky,-42.78,147.06,The Shingles Riverside Cottages
11,Dharmabad,IN,81.0,scattered clouds,18.9,77.85,LBS College's Boys Hostel
13,Codrington,AU,64.49,light rain,-38.27,141.97,Codrington Gardens Bed And Breakfast
14,Chuy,UY,66.04,scattered clouds,-33.7,-53.46,Nuevo Hotel Plaza
15,Aden,YE,79.83,scattered clouds,12.78,45.04,Sama Emirate Hotel
18,Rikitea,PF,75.16,broken clouds,-23.12,-134.97,Pension Maro'i
26,Port Elizabeth,ZA,71.6,clear sky,-33.92,25.57,39 On Nile Guest House
31,Buraydah,SA,60.8,broken clouds,26.33,43.98,M√∂venpick Hotel Qassim
34,Batiano,PH,75.7,moderate rain,7.55,126.49,
40,Tiarei,PF,77.0,light rain,-17.53,-149.33,Le Rocher de Tahiti
43,Puerto Ayora,EC,69.01,overcast clouds,-0.74,-90.35,Finch Bay Galapagos Hotel
45,French Harbor,HN,77.0,clear sky,16.35,-86.43,"Fantasy Island Beach Resort, Dive & Marina"
46,Saint-Philippe,RE,84.2,broken clouds,-21.36,55.77,"Chambres d'h√¥te ""La Trinit√©"""
49,Gizo,SB,83.1,overcast clouds,-8.1,156.84,Imagination Island
50,Cockburn Town,TC,77.76,few clouds,21.46,-71.14,Osprey Beach Hotel
51,Contamana,PE,74.93,overcast clouds,-7.33,-75.02,Shiringal Touristic Park
52,Hithadhoo,MV,83.08,broken clouds,-0.6,73.08,Scoop Guest House
54,Vaini,TO,71.6,few clouds,-21.2,-175.2,Keleti Beach Resort
55,Jalcocotan,MX,65.1,clear sky,21.47,-105.12,"Hotel ""Do√±a Celia"""
56,Muros,ES,62.01,few clouds,42.78,-9.06,Apartment Av. Castelao
61,Bal-Os,PH,79.07,broken clouds,9.44,122.63,The Millares
62,Kutum,SD,81.73,clear sky,14.2,24.67,Dibbo areaŸÖŸÜÿ∑ŸÇÿ© ÿØÿ®Ÿà
65,Hilo,US,68.0,scattered clouds,19.73,-155.09,Hilo Hawaiian Hotel
67,Mareeba,AU,79.0,overcast clouds,-17.0,145.43,Trinity Plains Tourist Park
69,Nhulunbuy,AU,84.2,overcast clouds,-12.23,136.77,East Arnhem Real Estate
71,Hobart,AU,66.2,clear sky,-42.88,147.33,St Ives Hobart Accommodation Tasmania
72,Masyaf,SY,66.2,broken clouds,35.07,36.34,Hotel restaurants and tourist Misyaf
74,Sao Filipe,CV,75.13,broken clouds,14.9,-24.5,Tortuga B&B
76,Bredasdorp,ZA,73.4,scattered clouds,-34.53,20.04,Bredasdorp Country Manor
77,Vila Velha,BR,80.01,scattered clouds,-20.33,-40.29,Hotel Vit√≥ria Palace
86,Mar Del Plata,AR,63.0,few clouds,-38.0,-57.56,Gran Hotel Mar del Plata habitaciones
89,Port Alfred,ZA,71.94,clear sky,-33.59,26.89,The Halyards Hotel
94,Hurghada,EG,77.0,clear sky,27.26,33.81,Sea Star Beau Rivage Hotel
96,Noumea,NC,68.0,clear sky,-22.28,166.46,H√¥tel Le Lagon
99,Saldanha,ZA,66.2,clear sky,-33.01,17.94,Blue Bay Lodge
100,Cozumel,MX,73.4,light rain,20.51,-86.95,Cozumel Palace¬Æ All Inclusive Resort
101,Nouadhibou,MR,69.8,clear sky,20.93,-17.03,El Medina
102,Brebes,ID,80.71,scattered clouds,-6.87,109.04,Grand Dian Brebes
103,U Thong,TH,74.98,scattered clouds,14.38,99.89,‡∏ö‡πâ‡∏≤‡∏ô‡∏õ‡∏¥‡πà‡∏ô‡∏™‡∏∏‡∏Ç ‡∏≠‡∏π‡πà‡∏ó‡∏≠‡∏á ‡∏´‡πâ‡∏≠‡∏á‡∏û‡∏±‡∏Å‡∏£‡∏≤‡∏¢‡πÄ‡∏î‡∏∑‡∏≠‡∏ô
104,Castro,BR,76.3,light rain,-24.79,-50.01,CHACARA BAILLY
106,Avarua,CK,78.8,scattered clouds,-21.21,-159.78,Paradise Inn
107,Kawalu,ID,73.38,light rain,-7.38,108.21,KOSAN UNGU UNSIK
108,Cape Town,ZA,71.01,few clouds,-33.93,18.42,Southern Sun Waterfront Cape Town
114,Bambanglipuro,ID,78.67,light rain,-7.95,110.28,Puri Brata
115,Sao Joao Da Barra,BR,78.8,clear sky,-21.64,-41.05,Pousada Porto De Canoas
117,Takoradi,GH,83.75,overcast clouds,4.88,-1.76,Raybow International Hotel
119,Avera,US,60.8,broken clouds,33.19,-82.53,
121,Mahebourg,MU,82.4,shower rain,-20.41,57.7,Shandrani Beachcomber Resort & Spa
123,Vryheid,ZA,79.34,scattered clouds,-27.77,30.79,Bivane Game Lodge
124,Mangrol,IN,81.61,clear sky,21.12,70.12,Hotel The Royal Honours
127,Kieta,PG,79.48,overcast clouds,-6.22,155.63,
128,Kapaa,US,75.2,light rain,22.08,-159.32,Sheraton Kauai Resort at Coconut Beach
131,Marsh Harbour,BS,76.28,clear sky,26.54,-77.06,Abaco Beach Resort
132,Vaitape,PF,81.39,overcast clouds,-16.52,-151.75,Conrad Bora Bora Nui
133,Rio Tercero,AR,62.01,clear sky,-32.17,-64.11,Hospedaje Las Violetas
134,Carnarvon,AU,71.6,clear sky,-24.87,113.63,Hospitality Carnarvon
135,Mecca,SA,82.11,scattered clouds,21.43,39.83,Hotel Fairmont Makkah Clock Royal Tower
136,Gat,IL,70.0,clear sky,31.61,34.76,OlusHome
137,Gigmoto,PH,79.54,overcast clouds,13.78,124.39,Cj's Travellers Inn
140,Victoria,HK,69.01,scattered clouds,22.29,114.16,Mini Hotel Central
141,Riberalta,BO,75.2,scattered clouds,-10.98,-66.1,Hotel Colonial
142,Hermanus,ZA,70.0,broken clouds,-34.42,19.23,Misty Waves Boutique Hotel
145,East London,ZA,78.8,clear sky,-33.02,27.91,Tu Casa
146,Sassandra,CI,82.54,light rain,4.95,-6.08,la terrasse
147,Ribeira Grande,PT,60.8,shower rain,38.52,-28.7,Quinta da Meia Eira
149,Virginia Beach,US,66.2,moderate rain,36.85,-75.98,Hilton Virginia Beach Oceanfront
150,Ambon,ID,78.8,few clouds,-3.7,128.18,Swiss-Belhotel Ambon
151,Koraput,IN,66.52,clear sky,18.82,82.72,Raj Residency
155,Arraial Do Cabo,BR,80.6,clear sky,-22.97,-42.03,Pousada Porto Praia
160,Pringsewu,ID,75.67,overcast clouds,-5.36,104.97,Urban Style by Front One
163,Jacareacanga,BR,77.9,light rain,-6.22,-57.75,Casa do Ianüòé
165,Mapiri,BO,73.18,light rain,-15.25,-68.17,
172,Colares,PT,64.0,few clouds,38.8,-9.45,Arribas Sintra Hotel
173,Gamba,GA,82.29,light rain,-2.65,10.0,
178,Sao Jose Da Coroa Grande,BR,80.96,clear sky,-8.9,-35.15,Cr√¥a Mares Hotel
179,Airai,TL,63.93,light rain,-8.93,125.41,Juvinal Martin
180,Atuona,PF,78.42,clear sky,-9.8,-139.03,Villa Enata
181,Haapiti,PF,77.0,light rain,-17.57,-149.87,Linareva Moorea Beach Resort
182,Warora,IN,77.52,clear sky,20.23,79.0,Hotel Centre Point
184,Hobyo,SO,82.06,scattered clouds,5.35,48.53,Halane Hotel and Restaurent
185,Faanui,PF,80.28,overcast clouds,-16.48,-151.75,Bora-Bora Pearl Beach Resort & Spa
186,Madimba,TZ,86.85,clear sky,-10.4,40.33,
187,Tuy Hoa,VN,76.41,light rain,13.08,109.3,CenDeluxe Hotel Tuy Hoa
189,Entre Rios,BR,83.34,few clouds,-11.94,-38.08,Jambalaya Pousada
192,Mahajanga,MG,89.6,few clouds,-15.72,46.32,Restaurant Greedy Coco Lodge Majunga
196,Weligama,LK,79.65,moderate rain,5.97,80.42,Weligama Bay Resort
198,Lagoa,PT,61.3,light rain,39.05,-27.98,Casa Das Faias
199,Butaritari,KI,82.72,overcast clouds,3.07,172.79,Isles Sunset Lodge
200,Cabo San Lucas,MX,60.01,broken clouds,22.89,-109.91,Hotel Tesoro Los Cabos
202,Yanam,IN,84.2,haze,16.73,82.22,The Regency Hotel
204,Abu Samrah,SY,65.8,clear sky,35.3,37.18,
206,Bowen,AU,71.6,clear sky,-20.02,148.23,Castle Motor Lodge Motel
209,Bambous Virieux,MU,82.4,shower rain,-20.34,57.76,Casa Tia Villa
210,Buala,SB,81.1,overcast clouds,-8.14,159.59,Maringe Lagoon Lodge
212,Lagos,NG,87.8,broken clouds,6.58,3.75,
214,Hualmay,PE,65.66,overcast clouds,-11.1,-77.61,Hotel Restaurant Tur√≠stico Casablanca
215,Praia,CV,77.0,broken clouds,14.92,-23.51,LT Aparthotel
216,Kununurra,AU,82.4,light rain,-15.77,128.73,Hotel Kununurra
217,Belmonte,BR,73.4,overcast clouds,-15.86,-38.88,Pousada Monte Carmelo O P√£o
220,Barcelona,ES,61.0,few clouds,41.39,2.16,Axel Hotel Barcelona
221,Sao Miguel Do Araguaia,BR,84.45,overcast clouds,-13.28,-50.16,Hotel Executivo Palace
222,Bathsheba,BB,78.8,few clouds,13.22,-59.52,Atlantis Hotel
223,Kavieng,PG,79.52,overcast clouds,-2.57,150.8,Nusa Island Retreat
224,San Rafael,AR,66.92,clear sky,-34.62,-68.33,Hotel San Rafael
227,Merida,MX,73.99,scattered clouds,20.97,-89.62,Fiesta Americana M√©rida
231,Benguela,AO,84.2,scattered clouds,-12.58,13.41,Hotel Praia Morena
232,Nago,JP,68.0,overcast clouds,26.59,127.98,Hotel Yugaf Inn Okinawa
233,Luganville,VU,78.55,heavy intensity rain,-15.53,167.17,The Espiritu Hotel
237,Mkushi,ZM,89.24,broken clouds,-13.62,29.39,Divine Lodge Mkushi
239,Itarema,BR,85.95,scattered clouds,-2.92,-39.92,Windvillage
242,Asosa,ET,83.1,clear sky,10.07,34.53,Blendana Hotel Assosa
243,Amarpatan,IN,69.75,clear sky,24.32,80.98,‡§ï‡§¨‡•ç‡§∞‡§ø‡§∏‡•ç‡§§‡§æ‡§®
245,Ahuimanu,US,73.4,light rain,21.44,-157.84,Paradise Bay Resort
246,Bilma,NE,87.39,clear sky,18.69,12.92,Expeditions T√©n√©re voyages
248,Kahului,US,71.6,clear sky,20.89,-156.47,Maui Seaside Hotel
250,Ipixuna,BR,80.6,light rain,-1.76,-48.8,Casa da Oscarina
252,Santa Marta,CO,80.01,broken clouds,11.24,-74.2,Hotel La Ballena Azul
253,Alofi,NU,73.4,broken clouds,-19.06,-169.92,Taloa Heights
254,Lorengau,PG,77.58,light rain,-2.02,147.27,Lorengau Harbourside Hotel
255,Linhares,BR,80.85,few clouds,-19.39,-40.07,Hotel Concei√ß√£o
256,Ambilobe,MG,88.07,scattered clouds,-13.2,49.05,H√¥tel & Restaurant DIANA Ambilobe
257,Benghazi,LY,68.16,light rain,32.12,20.07,Tibesti Hotel
259,Mount Gambier,AU,62.6,overcast clouds,-37.83,140.77,Commodore on the Park
266,Porto Novo,BJ,87.8,scattered clouds,6.5,2.6,Tour Eiffel Hotel Benin
267,Luwuk,ID,78.91,light rain,-0.95,122.79,Hotel Santika Luwuk
268,Grand Gaube,MU,82.0,clear sky,-20.01,57.66,Veranda Paul et Virginie Hotel & Spa
270,Harer,ET,75.4,clear sky,9.31,42.13,Amir Cultural Harari Guesthouse
271,Huarmey,PE,65.55,overcast clouds,-10.07,-78.15,Hotel Miramar
282,Rocha,UY,64.26,clear sky,-34.48,-54.33,Beleza Pura B&B
284,Morada Nova,BR,87.82,scattered clouds,-5.11,-38.37,PIZZARIA MARIANA
286,Kruisfontein,ZA,73.99,clear sky,-34.0,24.73,Oyster Bay House Rental
288,Bonthe,SL,86.07,broken clouds,7.53,-12.51,Bonthe Holiday Village
289,Banyo,CM,89.78,scattered clouds,6.75,11.82,Motel JOMBA
291,Soyo,AO,77.0,light rain,-6.13,12.37,Hotel Mpampa
297,Los Llanos De Aridane,ES,68.0,broken clouds,28.66,-17.92,Valle Aridane
299,Pangai,TO,76.44,clear sky,-19.8,-174.35,Ha'apai Beach Resort
300,Port Blair,IN,81.9,broken clouds,11.67,92.75,Fortune Resort Bay Island
301,Adrar,MR,82.87,clear sky,20.5,-10.07,
302,Vangaindrano,MG,84.36,scattered clouds,-23.35,47.6,Hotel Fanilo
304,Pekan,MY,82.4,few clouds,3.48,103.4,Pekan Budget Hotel
307,Camacha,PT,60.8,light rain,33.08,-16.33,Hotel Porto Santo & Spa
309,Isangel,VU,72.27,few clouds,-19.55,169.27,Volcano Sea View Tree House
310,Uklana Mandi,IN,72.01,scattered clouds,29.5,75.88,Pawan Jangra
311,Kot Diji,PK,80.6,haze,27.34,68.71,Babe Zainabia (s.a)
312,Manokwari,ID,81.28,overcast clouds,-0.87,134.08,Swiss Belhotel Manokwari
313,Methoni,GR,64.0,broken clouds,36.82,21.7,Methoni Beach Hotel
314,Poum,NC,76.75,overcast clouds,-20.23,164.02,G√Æte kajeon
315,Cap Malheureux,MU,82.0,clear sky,-19.98,57.61,Pereybere Hotel & Spa
320,Wattegama,LK,86.0,broken clouds,6.8,81.48,
322,Makakilo City,US,73.4,few clouds,21.35,-158.09,Marriott's Ko Olina Beach Club
326,Cassilandia,BR,87.4,broken clouds,-19.11,-51.73,Hotel Rafa Cassil√¢ndia
328,Riyadh,SA,62.6,broken clouds,24.69,46.72,InterContinental Riyadh
330,Aviles,ES,62.01,broken clouds,43.55,-5.92,Hotel NH Collection Palacio de Avil√©s
332,Salalah,OM,82.4,scattered clouds,17.02,54.09,HAMDAN PLAZA HOTEL
334,Fasa,IR,69.8,few clouds,28.94,53.65,Fasa University Boys' Dormitory
335,Mitu,CO,74.52,broken clouds,1.2,-70.17,
337,Port Macquarie,AU,70.0,overcast clouds,-31.43,152.92,Rydges Port Macquarie
340,Agua Dulce,MX,74.57,light rain,18.13,-94.13,Hotel Victoria
341,Fez,MA,62.6,clear sky,34.04,-5.0,Hotel Mounia F√®s
343,Saint-Joseph,RE,80.6,broken clouds,-21.37,55.62,"""Plantation Bed and Breakfast"
346,Aitape,PG,79.34,moderate rain,-3.14,142.35,
348,Souillac,MU,82.4,shower rain,-20.52,57.52,Bils' Villa
349,Rampur Hat,IN,72.75,clear sky,24.17,87.78,Amantran Hotel & Resorts
351,Georgetown,MY,84.2,scattered clouds,5.41,100.34,Cititel Penang
352,Itupiranga,BR,78.8,light rain,-5.13,-49.33,JAIRO ORLINDO VIEIRA
355,Uthal,PK,83.37,clear sky,25.81,66.62,Al Madina Hotal
357,Atar,MR,82.71,scattered clouds,20.52,-13.05,Oumou Elghoura
358,Kavaratti,IN,83.28,clear sky,10.57,72.64,Hotels in Lakshadweep Islands
359,Timbo,BR,82.0,overcast clouds,-26.82,-49.27,Timb√≥ Park Hotel
360,Pochutla,MX,70.61,few clouds,15.74,-96.47,Hotel Posada San Jose
362,Faya,SA,68.0,scattered clouds,18.39,42.45,ŸÖŸÇÿ®ÿ±ÿ© ÿßŸÑ ŸÖÿ¨ŸÖŸÑ
364,Jalu,LY,73.15,clear sky,29.03,21.55,ÿµÿßÿ≠ÿ®ÿ© ÿßŸÑŸÅÿÆÿßŸÖÿ©
365,Cedro,BR,86.56,broken clouds,-6.61,-39.06,Pousada & Conveni√™ncia MEDEIROS
368,Cidreira,BR,76.8,scattered clouds,-30.18,-50.21,Hotel Castelo
370,Macau,MO,69.8,clear sky,22.2,113.55,Grand Emperor Hotel
371,Manggar,ID,82.18,overcast clouds,-2.88,108.27,Guest Hotel
373,Vanimo,PG,80.08,light rain,-2.67,141.3,Vahmoneh Lodge Vanimo
377,Namatanai,PG,78.82,overcast clouds,-3.67,152.43,Namatanai Hotel
378,Bengkulu,ID,78.57,broken clouds,-3.8,102.27,Grage Hotel Bengkulu
379,Hirara,JP,71.6,broken clouds,24.8,125.28,Hotel Atoll Emerald Miyakojima
382,Kirakira,SB,80.11,overcast clouds,-10.45,161.92,SanBiz Lodge
383,Pasuruan,ID,77.76,light rain,-7.65,112.91,Pasuruan Hotel
384,Puerto Asis,CO,71.35,light rain,0.51,-76.5,Ayawaska Hostal
385,Bubaque,GW,79.88,overcast clouds,11.28,-15.83,"Casa Dora, Bubaque"
387,Vila Do Maio,CV,77.0,broken clouds,15.13,-23.22,Residence 'I Delfini'
391,Ewa Beach,US,73.4,few clouds,21.32,-158.01,Hampton Inn & Suites Oahu/Kapolei
392,Tura,IN,64.38,clear sky,25.52,90.22,Hotel RIKMAN Continental
393,Mahina,PF,77.0,light rain,-17.51,-149.49,Guest Beach Bungalow Tahiti
397,Alizai,PK,62.11,scattered clouds,33.54,70.35,Alizai Rest House
400,Soreang,ID,72.66,overcast clouds,-7.03,107.52,Sutan Raja Hotel and Convention Centre
401,Saint-Pierre,RE,80.6,broken clouds,-21.34,55.48,Lindsey H√¥tel
402,Rio Grande,BR,69.8,overcast clouds,-32.03,-52.1,Hotel Atl√¢ntico Rio Grande
408,Barkhan,PK,69.51,broken clouds,29.9,69.53,Sardar
411,Geraldton,AU,64.4,clear sky,-28.77,114.6,Broadwater Mariner Resort
412,Doha,QA,82.4,few clouds,25.29,51.53,Doha Marriott Hotel
413,Namibe,AO,78.8,scattered clouds,-15.2,12.15,Hotel Chik Chik Namibe
416,Coahuayana,MX,72.81,scattered clouds,18.73,-103.68,Hotel Los Arcos
417,Lukaya,UG,78.8,moderate rain,-0.15,31.87,lemba salongo
418,Faxinal,BR,79.39,broken clouds,-24.0,-51.32,Hotel Pires
419,Dubrajpur,IN,78.8,haze,23.8,87.38,Garai Hotel
420,Loralai,PK,64.33,broken clouds,30.37,68.6,Saddam Hotel & Resturant
422,Hambantota,LK,86.0,light rain,6.12,81.12,Bungalow 63
424,Samarai,PG,82.26,broken clouds,-10.62,150.67,Nuli Sapi
425,Kudahuvadhoo,MV,82.49,broken clouds,2.67,72.89,Kudahuvadhoo Retreat
426,Santa Maria,BR,74.28,overcast clouds,-29.68,-53.81,Hotel Morotin
427,Agadir,MA,69.8,broken clouds,30.42,-9.6,Iberostar Founty Beach
428,Zarand,IR,64.99,few clouds,30.81,56.56,ŸÅÿ±Ÿàÿ¥⁄ØÿßŸá ŸÑŸàÿßÿ≤ŸÖ €åÿØ⁄©€å Ÿæÿ±ÿß€åÿØ Ÿà ÿ™€åÿ®ÿß ÿ®ÿ±ÿßÿØÿ±ÿßŸÜ ÿ±ÿ¨ÿ®€å
429,Tondano,ID,80.6,moderate rain,1.3,124.91,Villa Bella
430,Marrakesh,MA,60.8,scattered clouds,31.63,-8.01,Les Jardins de La Koutoubia
433,Pangkalanbuun,ID,76.28,light rain,-2.68,111.62,Grand Kecubung Hotel
437,Caravelas,BR,81.99,clear sky,-17.71,-39.25,Pousada dos Navegantes
438,Sumbe,AO,87.8,light rain,-11.21,13.84,Hotel Ritz Sumbe
439,Pizarro,CO,77.25,moderate rain,4.95,-77.37,"Playa Pizarro, Bajo Baud√≥, Choc√≥, Colombia"
441,Charters Towers,AU,73.2,broken clouds,-20.1,146.27,Cattleman's Rest Motor Inn
446,Kulhudhuffushi,MV,82.49,light rain,6.62,73.07,Haajy Guest House 1
450,Amapa,BR,78.24,broken clouds,1.0,-52.0,
455,Harper,LR,82.81,light rain,4.38,-7.72,Screensaver
456,Humaita,BR,76.03,overcast clouds,-7.51,-63.02,Corr√™a Hotel
458,Lahij,YE,78.46,overcast clouds,13.17,44.58,
459,Amnat Charoen,TH,70.09,clear sky,15.92,104.75,‡∏´‡∏≠‡∏û‡∏±‡∏Å‡∏ô‡∏±‡∏Å‡∏®‡∏∂‡∏Å‡∏©‡∏≤
460,Rawson,AR,65.3,clear sky,-43.3,-65.1,Hotel Punta Le√≥n
468,Dingle,PH,75.7,broken clouds,11.0,122.67,SEGAYA PROPERTY
470,Ilhabela,BR,84.34,scattered clouds,-23.78,-45.36,Ilha Flat Hotel
471,Surt,LY,68.5,light rain,31.21,16.59,City Hotel
480,Bontang,ID,78.6,overcast clouds,0.13,117.5,Okra Leaf Guest House Syariah
482,Port Lincoln,AU,71.35,light rain,-34.73,135.87,Port Lincoln Hotel
485,Syracuse,IT,66.0,few clouds,37.09,15.28,Hotel Posta
489,Wilmington,US,72.0,scattered clouds,34.23,-77.94,"Hotel Ballast Wilmington, Tapestry Collection by Hilton"
490,Sur,OM,75.63,clear sky,22.57,59.53,Sur Plaza Hotel
491,Temerloh,MY,77.25,overcast clouds,3.45,102.42,U Design Hotel Temerloh
492,Emerald,AU,87.8,clear sky,-23.53,148.17,The Irish Village
493,Loandjili,CG,81.86,light rain,-4.76,11.86,R√©sidence ARCHANGE
494,Cayenne,GF,77.0,scattered clouds,4.93,-52.33,H√¥tel Le Dronmi
495,Maceio,BR,80.6,scattered clouds,-9.67,-35.74,Mercure Maceio Pajucara Hotel
498,Marawi,PH,81.0,overcast clouds,8.0,124.29,Derogongan Residence
499,Taltal,CL,62.17,broken clouds,-25.4,-70.48,Residencial Karime
500,Narrabri,AU,82.4,clear sky,-30.32,149.78,Crossroads Hotel
501,Quatre Cocos,MU,82.4,shower rain,-20.21,57.76,Emeraude Beach Attitude Hotel
504,Plettenberg Bay,ZA,66.9,few clouds,-34.05,23.37,Thanda Vista B&B
506,Olinda,BR,80.6,broken clouds,-8.01,-34.86,Hotel 5 S√≥is
507,The Valley,AI,80.01,few clouds,18.22,-63.06,CeBlue Villas & Beach Resort
508,Nouakchott,MR,73.4,clear sky,18.09,-15.98,H√¥tel Iman
512,Dicabisagan,PH,74.62,broken clouds,17.08,122.42,Nancy Montanes Bernardo
513,Ponta Do Sol,PT,62.6,light rain,32.67,-17.1,Hotel do Campo
515,Chazuta,PE,74.23,overcast clouds,-6.57,-76.14,Fundo El Porvenir
516,Pedernales,DO,76.77,clear sky,18.04,-71.74,Hotel Costa Marina
518,Melong,CM,87.82,scattered clouds,5.12,9.96,Washinton City Mordern Bar And Motel
519,Padilla,CO,66.2,moderate rain,3.22,-76.31,La Granadina
520,Ixtapa,MX,73.0,few clouds,20.7,-105.2,Container Inn Puerto Vallarta
521,Sola,VU,79.3,light rain,-13.88,167.55,Ulkel Guest House
523,Nobres,BR,87.6,clear sky,-14.72,-56.33,Elo√°h Ag√™ncia de Turismo
525,Requena,ES,60.01,scattered clouds,39.49,-1.1,Hotel Avenida
528,Pisco,PE,64.4,mist,-13.7,-76.22,Hotel San Isidro Oficial
530,Mancio Lima,BR,73.72,broken clouds,-7.61,-72.9,Hotel e Distribuidora Voyage
531,Richards Bay,ZA,85.19,clear sky,-28.78,32.04,BON Hotel Waterfront Richards Bay
533,Nola,IT,61.0,clear sky,40.92,14.53,Pamaran Hotel
534,Horta,PT,62.6,shower rain,38.53,-28.63,Hotel do Canal | Horta - Faial
536,Angoche,MZ,87.03,clear sky,-16.23,39.91,Guest House HESADA
538,Sambava,MG,82.4,clear sky,-14.27,50.17,Melrose
539,Dhidhdhoo,MV,83.53,overcast clouds,6.88,73.1,Dhidhoo beach
542,Palmares Do Sul,BR,78.87,scattered clouds,-30.26,-50.51,Restaurante e Pens√£o Lopes
545,Senanga,ZM,89.28,broken clouds,-16.12,23.27,Christopher Nasilele House
546,Abonnema,NG,87.8,light rain,4.71,6.79,Corper's Lodge Obonoma
547,Macaubas,BR,74.25,overcast clouds,-13.02,-42.7,Pousada Ref√∫gio
548,Limpapa,PH,79.59,moderate rain,7.12,121.91,Woodland Resort
551,Sinnamary,GF,80.38,broken clouds,5.38,-52.95,ALETHEIA Appartement Sinnamary
554,Challakere,IN,75.94,broken clouds,14.32,76.65,SR Residency
555,Rivadavia,AR,68.0,clear sky,-33.19,-68.46,Posada Del Fin Del Mundo
558,Adjumani,UG,88.7,few clouds,3.38,31.79,Hotel Zawadi
560,Sayyan,YE,64.78,scattered clouds,15.17,44.32,ŸÖÿ™ŸÜÿ≤Ÿá Ÿà ÿ®ÿ≠Ÿäÿ±ÿ© ÿ≥ŸäÿßŸÜ
561,Aswan,EG,78.08,clear sky,24.09,32.91,Nuba Nile
563,Pinhao,BR,71.73,light rain,-25.7,-51.66,Pinh√£o Park Hotel
564,Byron Bay,AU,71.6,overcast clouds,-28.65,153.62,Backpackers Inn on the Beach
566,Satana,IN,81.86,broken clouds,20.58,74.2,Sagar andsing pawar
567,Jutai,BR,76.64,overcast clouds,-5.18,-68.9,
571,Maragogi,BR,81.03,clear sky,-9.01,-35.22,Salinas do Maragogi All Inclusive Resort
577,Ballitoville,ZA,77.0,clear sky,-29.54,31.21,Hotel Fairmont Zimbali Resort
581,Calabozo,VE,75.6,broken clouds,8.92,-67.43,Hotel Giardini
584,Kotido,UG,88.77,few clouds,2.98,34.13,Loware Joseph Mukasa's Residence
586,Kollam,IN,89.6,scattered clouds,8.88,76.6,The Raviz Ashtamudi
590,Port Augusta,AU,84.2,clear sky,-32.5,137.77,Majestic Oasis Apartments
595,San Martin,AR,68.0,clear sky,-33.08,-68.47,Finca Vivencias
596,Puerto Suarez,BO,87.8,scattered clouds,-18.95,-57.8,Hotel casa real
597,Healesville,AU,70.0,broken clouds,-37.65,145.52,Rivendell on Cornelius
601,Puerto Del Rosario,ES,73.4,few clouds,28.5,-13.86,Hotel JM Puerto del Rosario
603,Gua Musang,MY,75.18,overcast clouds,4.88,101.96,Mines Inn Hotel
604,Kapchorwa,UG,75.88,light rain,1.4,34.45,Amis Cheshari's Residence
606,Mogadishu,SO,86.0,few clouds,2.04,45.34,Hotel Juba
607,Alta Floresta,BR,75.15,light rain,-9.88,-56.09,Floresta Amazonica Hotel
610,Manali,IN,86.0,scattered clouds,13.17,80.27,Sarathy Lodge
612,Iquique,CL,64.4,clear sky,-20.22,-70.14,Backpacker`s Hostel Iquique
613,Santarem,BR,75.2,moderate rain,-2.44,-54.71,Hotel Imperador
615,Sao Gabriel Da Cachoeira,BR,74.57,overcast clouds,-0.13,-67.09,Alarne - √Årea De Lazer Do Alto Rio Negro
616,Awjilah,LY,72.48,clear sky,29.11,21.29,
618,San Lorenzo,PY,71.6,moderate rain,-25.33,-57.53,Canarias Hotel
619,Iralaya,HN,77.07,broken clouds,15.0,-83.23,Iglesia morava renovada
620,Paulo Afonso,BR,83.14,scattered clouds,-9.41,-38.21,Pousada Ilha Bela
621,Asyut,EG,69.8,clear sky,27.18,31.18,Florence Hotel Assiut
625,Savannah Bight,HN,77.0,clear sky,16.45,-85.85,Villa on Dunbar Rock
626,Beloha,MG,86.97,broken clouds,-25.17,45.05,
630,Kasongo,CD,84.29,light rain,-4.45,26.67,Guest H√¥tel
633,Labuhan,ID,78.87,overcast clouds,-6.88,112.21,bador sepret
634,Ypsonas,CY,64.4,scattered clouds,34.69,32.96,Club Aphrodite
637,Elat,IL,75.2,clear sky,29.56,34.95,Club Hotel Eilat
641,Mudgal,IN,78.93,clear sky,16.02,76.43,PRINCE TYERS
643,Maues,BR,75.42,overcast clouds,-3.38,-57.72,Hotel Miramar
649,Trinidad,BO,80.6,broken clouds,-14.83,-64.9,Hotel Piesta
653,Tefe,BR,77.0,overcast clouds,-3.35,-64.71,Aracati Hotel
654,Mungwi,ZM,77.94,broken clouds,-10.17,31.37,
655,Sibolga,ID,78.91,overcast clouds,1.74,98.78,Hotel Syariah CN Darussalam
656,Peniche,PT,61.0,scattered clouds,39.36,-9.38,Hotel Star inn Peniche
658,Nicoya,CR,71.98,overcast clouds,10.15,-85.45,Guayacan Real
659,Nelson Bay,AU,70.0,overcast clouds,-32.72,152.15,Mantra Nelson Bay
664,Road Town,VG,78.01,few clouds,18.42,-64.62,"ZINGARA 76ft Catamaran, full crew-all included"
665,Saint-Georges,GD,80.6,scattered clouds,12.06,-61.75,Siesta Hotel
668,Arrecife,ES,71.6,scattered clouds,28.96,-13.55,Hotel Lancelot
669,Thinadhoo,MV,82.99,overcast clouds,0.53,72.93,
676,Correntina,BR,76.77,broken clouds,-13.34,-44.64,Hotel Pousada dos Sonhos
677,Vung Tau,VN,79.86,overcast clouds,10.35,107.08,Seaside Resort
678,Karpathos,GR,68.0,light rain,35.51,27.21,Alex
679,Touros,BR,80.6,broken clouds,-5.2,-35.46,INN NEW HORIZON
682,Kumluca,TR,61.02,overcast clouds,36.37,30.29,TurkuazK√∂y
683,Itaituba,BR,73.4,light rain,-4.28,-55.98,Hotel Campos
685,Port Hedland,AU,86.0,clear sky,-20.32,118.57,The Esplanade Hotel
686,Machico,PT,62.6,light rain,32.7,-16.77,Dom Pedro Madeira
688,Tautira,PF,77.0,light rain,-17.73,-149.15,Pension Oaoa
690,Vao,NC,73.6,clear sky,-22.67,167.48,Hotel Kou-Bugny
691,Naze,JP,66.2,broken clouds,28.37,129.48,Â•ÑÁæé„Éù„Éº„Éà„Çø„ÉØ„Éº„Éõ„ÉÜ„É´
694,Nyaunglebin,MM,76.8,scattered clouds,17.95,96.73,Royal Motel
695,Manado,ID,80.6,scattered clouds,1.49,124.85,Aryaduta Hotel
696,Along,IN,60.3,clear sky,28.17,94.77,Hotel West
699,Catarman,PH,79.43,overcast clouds,12.5,124.64,Pink City Pension Hotel
703,Paraiso,CR,68.0,clear sky,9.84,-83.87,Rinconcito Verde
704,Akyab,MM,78.46,few clouds,20.15,92.9,Hotel Memory
712,Jeremie,HT,76.41,clear sky,18.65,-74.12,Auberge‚ÄôInn
714,Netivot,IL,70.0,clear sky,31.42,34.59,Catering Gato - kosher catering Dairy
720,Broken Hill,AU,87.8,clear sky,-31.95,141.43,Daydream Motel & Cottages
721,Amuntai,ID,75.22,light rain,-2.42,115.25,Hotel Balqis
